insert into users (id, email, username, password, enabled, account_locked, account_expired, credentials_expired) VALUES ('1', 'admin@gmail.com', 'admin', '$2a$10$7X5kgMO5uAqeWBoQmKuDZeGNBwZV6mq8966G13AdmTlob2gjcuFVa', true, false, false, false), ('2', 'user@gmail.com', 'user', '$2a$10$My.L8BUhv8HP9LTIOEd8Dul4vUJDESSg4SH/rrROj2KoFR9hjpfzW', true, false, false, false), ('3', 'adam@gmail.com', 'adam', '$2a$10$uBiwGZ0cDuRFMolTREPHFuBGk7gmdh3H6ng5/NYdxrBYyxJ1qoEYa', true, false, false, false), ('4', 'adrian@gmail.com', 'adrian', '$2a$10$lIITi0UQlHx8zuV/USdzAOjIL.dF7O.2s54VnMNIHGO.YMGHrQaZe', true, false, false, false);
insert into role (id, role_name) values ('1', 'ROLE_ADMIN'), ('2', 'ROLE_USER');
insert into user_roles(user_id, role_id) values ('1','1'), ('2', '1'), ('3', '1'), ('4', '1');
insert into privilege(id, name) values (1, 'can_read'), (2, 'can_update'), (3, 'can_write'), (4, 'can_delete');
insert into roles_privileges(role_id, privilege_id) values (1, 1), (1,2), (1,3), (1,4), (2,1), (2,2), (2, 3), (2, 4);
insert into recipes(id, description, name, user_id) values ('1', 'Moj ulubiony przepis na ciasto na domowa pizze. Ciasto z tego przepisu jest elastyczne, miekkie i latwe do przygotowania. ', 'Ciasto na pizze', 1), ('2', 'Prosty sposob przygotowania - pizze pieczemy w blaszkach / tortownicach.', 'Najlepsza pizza domowa', 1);
insert into steps(id, description, name, time, recipe_id) values ('1', 'Opis', 'Krok 1', '05:30:30', 1), ('2', 'Opis', 'Krok 1', '05:30:30', 2);
insert into reviews(id, score, description, user_id, recipe_id) values ('1', '5', 'Opis przepisu 1', 1, 1), ('2', '5', 'Opis przepisu 1', 1, 2);
insert into ingredients(id, name) values ('1', 'Kurczak'), ('2', 'Pomidor'), ('3', 'Kukurydza'), ('4', 'Boczek'), ('5', 'Cebula'), ('6', 'Pieczarki'), ('7', 'Mozzarella'), ('8', 'Papryka'), ('9', 'Salami'), ('10', 'Szynka');
insert into components(id, amount, ingredient_id, recipe_id) values ('1', 2, 1,1), ('2', 1, 4, 1), ('3', 200, 4, 2);
insert into media(id, link, name, recipe_id) values ('1', 'https://res.cloudinary.com/verdoux/image/upload/v1606609101/p1_xnkcxw.jpg', 'Zdjecie', 1), ('2', 'https://res.cloudinary.com/verdoux/image/upload/v1607180577/okanflux9gc5ecix3hdy.jpg', 'Zdjecie', 2);
insert into chat(id, sender_id, receiver_id) values ('1', '1', '2'), ('2', '1', '3'), ('3', '1', '4');
insert into message(id, message, send_time, sender_id, chat_id) values ('1', 'Pierwsza wiadomosc', '2020-12-08 15:00:00', 1, 1), ('2', 'Druga wiadomosc', '2020-12-08 16:00:00', 1, 1), ('3', 'Trzecia wiadomosc - odpowiedz', '2020-12-08 16:30:00', 2, 1), ('4', 'Pierwsza wiadomosc', '2020-12-08 16:30:00', 1, 2), ('5', 'Pierwsza wiadomosc', '2020-12-08 16:30:00', 1, 3), ('6', 'Druga wiadomosc - odpowiedz', '2020-12-08 16:35:00', 4, 3), ('7', 'Druga wiadomosc - odpowiedz', '2020-12-08 16:40:00', 1, 2), ('8', 'Czwarta wiadomosc', '2020-12-08 16:37:00', 1, 1);
